--Staff insert
INSERT INTO STAFF (STAFF_NO, STAFF_NAME, STAFF_ROLE) VALUES (1,'Paul','Driver    ');
INSERT INTO STAFF (STAFF_NO, STAFF_NAME, STAFF_ROLE) VALUES (2,'John','Driver    ');
INSERT INTO STAFF (STAFF_NO, STAFF_NAME, STAFF_ROLE) VALUES (3,'Gerry','Inspector ');
INSERT INTO STAFF (STAFF_NO, STAFF_NAME, STAFF_ROLE) VALUES (4,'Peter','Driver ');

--Accident insert
INSERT INTO ACCIDENT (ACCIDENT_KEY, A_DATE, A_DESCRIPTION, A_LOCATION, STAFF_NO) VALUES (1,to_date('01-JUL-20', 'DD-MON-RR'),'Fell coming down stairs','N 53 19.866W 6 15.080   ',1);
INSERT INTO ACCIDENT (ACCIDENT_KEY, A_DATE, A_DESCRIPTION, A_LOCATION, STAFF_NO) VALUES (2,to_date('01-JUL-20', 'DD-MON-RR'),'Banged elbow when bus turned','N 53 19.866W 6 15.080   ',2);
INSERT INTO ACCIDENT (ACCIDENT_KEY, A_DATE, A_DESCRIPTION, A_LOCATION, STAFF_NO) VALUES (3,to_date('19-SEP-20', 'DD-MON-RR'),'Bus crashed into car','N 53 19.866W 6 15.080   ',3);
INSERT INTO ACCIDENT (ACCIDENT_KEY, A_DATE, A_DESCRIPTION, A_LOCATION, STAFF_NO) VALUES (4,to_date('26-SEP-20', 'DD-MON-RR'),'Bus crashed into car','N 53 19.866W 6 15.080   ',4);

--Claimant insert
INSERT INTO CLAIMANT (CLAIMANT_ID, CL_NAME, CL_ADDR, CL_DOB) VALUES (1, 'Mary Martin', 'Home', to_date('06-OCT-95', 'DD-MON-RR'));
INSERT INTO CLAIMANT (CLAIMANT_ID, CL_NAME, CL_ADDR, CL_DOB) VALUES (2, 'Harry Martin', 'Home', to_date('06-OCT-95', 'DD-MON-RR'));
INSERT INTO CLAIMANT (CLAIMANT_ID, CL_NAME, CL_ADDR, CL_DOB) VALUES (3, 'Alex Hanley', 'Britain', to_date('17-APR-60', 'DD-MON-RR'));

--Claims insert
INSERT INTO CLAIMS (NATUREOFCLAIM, REPOERTED_ON, C_STATE, CL_KEY, ACCIDENT_KEY, CLAIMANT_ID) VALUES ('Medical', to_date('1-Jul-20', 'DD-MON-RR'), 'R', 2, 2, 2);
INSERT INTO CLAIMS (NATUREOFCLAIM, REPOERTED_ON, C_STATE, CL_KEY, ACCIDENT_KEY, CLAIMANT_ID) VALUES ('Medical', to_date('1-Jul-20', 'DD-MON-RR'), 'S', 1, 1, 1);
INSERT INTO CLAIMS (NATUREOFCLAIM, REPOERTED_ON, C_STATE, CL_KEY, ACCIDENT_KEY, CLAIMANT_ID) VALUES ('Car Damage, Whiplash', to_date('25-Sep-20', 'DD-MON-RR'), 'C', 3, 3, 3);
INSERT INTO CLAIMS (NATUREOFCLAIM, REPOERTED_ON, C_STATE, CL_KEY, ACCIDENT_KEY, CLAIMANT_ID) VALUES ('Theft ', to_date('26-Sep-20', 'DD-MON-RR'), 'X', 4, 4, 2);

--Payment insert
INSERT INTO PAYMENT (PAYMENT_NO, P_DATE, P_AMOUNT, P_REASON, CHEQUENO, CL_KEY) VALUES (1, to_date('23-Aug-20', 'DD-MON-RR'), 5000, 'Compensation', 123, 1);
INSERT INTO PAYMENT (PAYMENT_NO, P_DATE, P_AMOUNT, P_REASON, CHEQUENO, CL_KEY) VALUES (2, to_date('7-Oct-20', 'DD-MON-RR'), 6000, 'Repairs', 156, 3);

--Expert Witness insert
INSERT INTO EXPERT_WITNESS (EXPERTID, E_NAME, E_ADDR, E_EXPERTISE) VALUES (1, 'Susan', 'Mater Hospital', 'Medical   ');
INSERT INTO EXPERT_WITNESS (EXPERTID, E_NAME, E_ADDR, E_EXPERTISE) VALUES (2, 'Paul', 'Paul''s Garage', 'Mechanic  ');
INSERT INTO EXPERT_WITNESS (EXPERTID, E_NAME, E_ADDR, E_EXPERTISE) VALUES (3, 'Andrew', 'Mental health services', 'Other     ');

--Expert Report insert
INSERT INTO EXPERT_REPORT (DATEREQUESTED, DATESUBMITTED, REPORTCONTENT, EXPERTID, CL_KEY) VALUES (to_date('08-JUL-20', 'DD-MON-RR'), to_date('21-AUG-20', 'DD-MON-RR'), 'Bruising and upset', 1, 1);
INSERT INTO EXPERT_REPORT (DATEREQUESTED, DATESUBMITTED, REPORTCONTENT, EXPERTID, CL_KEY) VALUES (to_date('29-SEP-20', 'DD-MON-RR'), NULL, NULL, 1, 2);
INSERT INTO EXPERT_REPORT (DATEREQUESTED, DATESUBMITTED, REPORTCONTENT, EXPERTID, CL_KEY) VALUES (to_date('29-SEP-20', 'DD-MON-RR'), to_date('01-OCT-20', 'DD-MON-RR'), 'Substantial damage rear panel', 2, 2);
INSERT INTO EXPERT_REPORT (DATEREQUESTED, DATESUBMITTED, REPORTCONTENT, EXPERTID, CL_KEY) VALUES (to_date('29-SEP-20', 'DD-MON-RR'), to_date('01-OCT-20', 'DD-MON-RR'), 'Nervous about taking bus', 3, 1);
INSERT INTO EXPERT_REPORT (DATEREQUESTED, DATESUBMITTED, REPORTCONTENT, EXPERTID, CL_KEY) VALUES (to_date('5-Oct-20', 'DD-MON-RR'), to_date('8-Oct-20', 'DD-MON-RR'), ' Fixing bus', 2, 3);
INSERT INTO EXPERT_REPORT (DATEREQUESTED, DATESUBMITTED, REPORTCONTENT, EXPERTID, CL_KEY) VALUES (NULL, NULL, NULL, 1, 4);
